4799,18673991,Wiley Clapp: This Colt Python Business,story,Alupis,2018-12-13 17:17:35,https://www.americanrifleman.org/articles/2018/3/9/wiley-clapp-this-colt-python-business/,2,0.0,2018
4800,18675000,Ask HN: What are job interview questions that can be used to reject regardless,ask_hn,dangban,2018-12-13 19:00:09,,18,28.0,2018
4801,18676491,Canada denied visas to dozens of Africans for a big A.I. conference,story,masonic,2018-12-13 21:54:55,https://www.sciencemag.org/news/2018/12/canada-denied-visas-dozens-africans-big-artificial-intelligence-conference,3,1.0,2018
4802,18676649,Struct2Depth – Predicting object depth in dynamic environments,story,rreichman,2018-12-13 22:18:36,https://www.lyrn.ai/2018/12/12/struct2depth-predicting-object-depth-in-dynamic-environments/,5,0.0,2018
4803,18678366,Parents Sue New York City Over Mayor’s Plan to Diversify Elite High Schools,story,tooltalk,2018-12-14 04:00:41,https://www.wsj.com/articles/parents-sue-city-over-mayors-plan-to-diversify-elite-high-schools-11544731339,2,0.0,2018
4804,18679583,Government Hired a Firm for $13.6M to Hire Recruits. It Hired 2,story,wallace_f,2018-12-14 09:30:16,https://www.npr.org/2018/12/11/675923576/customs-border-and-protection-paid-a-firm-13-6-million-to-hire-recruits-it-hired,174,207.0,2018
4805,18679800,Which IT giants paid no Aussie tax last year?,story,adrian_mrd,2018-12-14 10:20:13,https://www.itnews.com.au/news/which-it-giants-paid-no-aussie-tax-last-year-516900,2,0.0,2018
4806,18679959,The Technical Writing Process,story,KesiParker,2018-12-14 11:04:29,https://medium.com/@kesiparker/the-technical-writing-process-6b5939a23555,1,0.0,2018
4807,18680262,$3k Bug Bounty – Twitter's OAuth Mistakes,story,edent,2018-12-14 12:11:11,https://shkspr.mobi/blog/2018/12/twitter-bug-bounty/,66,7.0,2018
4808,18680386,Grain Price Hedging Basics,story,monort,2018-12-14 12:40:04,https://www.extension.iastate.edu/agdm/crops/html/a2-60.html,1,0.0,2018
4809,18681217,Ask HN: This year’s best papers?,ask_hn,mygo,2018-12-14 15:00:12,,1,0.0,2018
4810,18681447,SIPC Says It Has Serious Concerns About Robinhood's New Product,story,jakarta,2018-12-14 15:27:50,https://www.bloomberg.com/news/articles/2018-12-14/sipc-says-it-has-serious-concerns-about-robinhood-s-new-product,480,305.0,2018
4811,18681830,Discord store will allow developers to selfpublish games with 90/10 split,story,bdz,2018-12-14 16:12:28,https://blog.discordapp.com/why-not-90-10-3761ebef4eab,3,0.0,2018
4812,18682946,Study Reveals U.S. Consumers and Economy Lose Billions to Occupational Licensing,story,CryptoPunk,2018-12-14 18:04:10,https://www.forbes.com/sites/instituteforjustice/2018/12/03/study-reveals-the-billions-of-dollars-u-s-consumers-and-the-economy-lose-to-occupational-licensing/#6c71d6bc39b6,116,135.0,2018
4813,18683360,Getting Rich on Government-Backed Mortgages,story,samspenc,2018-12-14 18:45:25,https://www.bloomberg.com/news/features/2018-05-24/small-time-bankers-make-millions-peddling-mortgages-to-the-poor,3,0.0,2018
4814,18685918,Health and Human Services department halts HIV research on fetal tissue concerns,story,anigbrowl,2018-12-14 23:39:37,https://www.salon.com/2018/12/14/health-and-human-services-department-shuts-down-hiv-research_partner/,5,0.0,2018
4815,18687899,"How I turned $32,000 into $1.2m and back to pretty much zero",story,mathgenius,2018-12-15 10:37:24,https://twitter.com/PeterMcCormack/status/1073196778705559553,3,0.0,2018
4816,18687976,Ask HN: Does gaming impact work performance?,ask_hn,p0d,2018-12-15 11:13:15,,1,0.0,2018
4817,18688078,Why Do Nigerian Scammers Say They Are from Nigeria? (2012),story,richev,2018-12-15 12:04:50,https://www.microsoft.com/en-us/research/publication/why-do-nigerian-scammers-say-they-are-from-nigeria/,2,2.0,2018
4818,18689467,"Parrot Uses Alexa to Order Watermelon, Lightbulbs While Owner Is Out",story,mpweiher,2018-12-15 17:57:27,https://www.newsweek.com/parrot-alexa-amazon-african-grey-england-animals-1260318,151,75.0,2018
4819,18690509,Ask HN: Is there a source code editor with user editable autosuggest?,ask_hn,CM30,2018-12-15 21:44:42,,3,1.0,2018
4820,18690595,It Was 3am and I Had a Startling Realization,story,danhodgins,2018-12-15 22:00:29,https://www.designbutler.co/articles/3-it-all-started-when-i-had-a-realization.php,1,0.0,2018
4821,18690951,Professor who knew Gates at Harvard: He was the smartest person I've ever met,story,rmason,2018-12-15 23:35:06,https://www.businessinsider.com/a-story-about-bill-gatess-intelligence-2015-11,6,4.0,2018
4822,18691514,Ask HN: What are you using for Big Data?,ask_hn,emersonrsantos,2018-12-16 02:58:07,,2,0.0,2018
4823,18692087,Machine learning proliferates in particle physics,story,qubitcoder,2018-12-16 06:57:39,https://www.symmetrymagazine.org/article/machine-learning-proliferates-in-particle-physics,44,7.0,2018
4824,18692439,How to make a drinking glass from a bottle,story,galfarragem,2018-12-16 09:53:34,https://www.artofmanliness.com/articles/how-to-make-a-drinking-glass-from-a-bottle/,16,0.0,2018
4825,18692448,Facebook Is Developing a Cryptocurrency Product,story,menzoic,2018-12-16 10:00:23,https://www.ccn.com/facebook-aggressively-hiring-blockchain-devs-discussed-launching-cryptocurrency-report/,6,0.0,2018
4826,18692774,Ask HN: What's the best pattern for Cloudflare like web filter?,ask_hn,InGodsName,2018-12-16 12:13:40,,1,0.0,2018
4827,18693121,What is Computer Programming?,story,ehudt,2018-12-16 14:19:04,https://medium.com/@ehudt/what-is-computer-programming-b935dcd13ec6,1,0.0,2018
4828,18693122,"The best speech of all Y-combinator speeches, Jessica Livingston",story,davix55,2018-12-16 14:19:07,https://www.youtube.com/watch?v=8d-cApFHjeY,1,0.0,2018
4829,18693570,PewDiePie printer hackers strike again,story,SimplyUseless,2018-12-16 15:58:57,https://www.bbc.co.uk/news/technology-46552339,2,0.0,2018
4830,18693689,Cofounder of Vine and HQ Trivia Dies at 35,story,randomacct3847,2018-12-16 16:21:28,https://www.businessinsider.com/colin-kroll-hq-trivia-and-vine-cofounder-found-dead-2018-12,119,17.0,2018
4831,18694193,Concord: How I built a screen sharing application in two weeks,story,yannikyeo,2018-12-16 18:04:00,https://medium.com/@bradziolko/concord-how-i-built-a-screen-sharing-application-in-two-weeks-bef3f6a56ec4,19,2.0,2018
4832,18695041,Google+ bug exposes non-public profile data for 52M users,story,merraksh,2018-12-16 20:30:44,https://arstechnica.com/tech-policy/2018/12/google-bug-exposes-non-public-profile-data-for-52-million-users/,1,1.0,2018
4833,18695546,Pico-8 Advent Calendar for 2018,story,sxp,2018-12-16 22:04:38,https://lexaloffle.com/bbs/?pid=59497,2,0.0,2018
4834,18697035,A new Tumblr for everyone,story,claridgicus,2018-12-17 05:18:03,,2,0.0,2018
4835,18697629,Event-stream vulnerability explained,story,fagnerbrack,2018-12-17 08:24:35,https://schneid.io/blog/event-stream-vulnerability-explained/,3,0.0,2018
4836,18697883,Apple might be making its own cellular chips to compete with Qualcomm,story,elorant,2018-12-17 09:39:31,https://www.theverge.com/circuitbreaker/2018/12/12/18137816/apple-modem-qualcomm-intel-iphone-competition-engineer-hiring,1,0.0,2018
4837,18698315,Show HN: DueFocus – Comprehensive time tracker for freelancers,show_hn,androsipen,2018-12-17 11:35:16,https://duefocus.com/,9,1.0,2018
4838,18699183,Vanilla - the Smallest JavaScript Library,story,gitgud,2018-12-17 14:40:46,http://vanilla-js.com,3,1.0,2018
4839,18699286,Rust port of Google's SwissTable hash map,story,based2,2018-12-17 14:57:11,https://github.com/Amanieu/hashbrown,1,0.0,2018
4840,18699657,'Treasure trove' of dinosaur footprints found in southern England,story,LinuxBender,2018-12-17 15:49:45,https://www.sciencedaily.com/releases/2018/12/181217081801.htm,2,0.0,2018
4841,18700368,What the heck is TCP port 18800: Reverse engineering Amazon Music client,story,ChiChou,2018-12-17 17:23:13,https://medium.com/0xcc/what-the-heck-is-tcp-port-18800-a16899f0f48f,3,0.0,2018
4842,18700656,Littlewood's Law and the Global Media,story,evilsimon,2018-12-17 17:59:25,https://www.gwern.net/Notes#littlewoods-law-and-the-global-media,53,11.0,2018
4843,18700759,Microsoft Offic 2013 for Windows Download,story,usman143online,2018-12-17 18:14:46,https://www.softfind.net/microsoft-office-2013-free-download/,1,1.0,2018
4844,18700786,Student rescued from ISIS zone by mercenaries hired by thesis advisor [Swedish],story,Geekette,2018-12-17 18:17:49,https://www.lu.se/article/fritagningen-handledare-raddade-doktorand-fran-is,4,0.0,2018
4845,18700915,Ask HN: What's a cost effective option for access to academic papers?,ask_hn,classicsnoot,2018-12-17 18:33:49,,5,3.0,2018
4846,18701743,Two-Slice Software Teams,story,KingGeekus,2018-12-17 20:10:43,https://www.patrickmcdavid.com/twosliceteams/,1,0.0,2018
4847,18701920,Storj Labs Decentralized Cloud Object Storage Development Update 13,story,iglesiasbrandon,2018-12-17 20:35:51,https://storj.io/blog/2018/12/product-manager-development-update-13/,1,1.0,2018
4848,18702160,"Go databases, libraries and migrations",story,InGodsName,2018-12-17 20:57:40,https://www.reddit.com/r/golang/comments/a6yo8k/do_you_use_database_in_your_go_project/,2,0.0,2018
4849,18702461,"Junk food cravings linked to lack of sleep, study suggests",story,lnguyen,2018-12-17 21:39:02,https://www.theguardian.com/society/2018/dec/17/lack-of-sleep-linked-junk-food-cravings-study-suggests,2,0.0,2018
4850,18702604,"How I built an app with 500,000 users in 5 days on a $100 server",story,peter_d_sherman,2018-12-17 21:57:00,https://medium.com/unboxd/how-i-built-an-app-with-500-000-users-in-5-days-on-a-100-server-77deeb238e83,28,2.0,2018
4851,18703647,The Electronic Coach (1959) [video],story,furcyd,2018-12-18 00:42:19,https://www.youtube.com/watch?v=dhh8Ao4yweQ,23,2.0,2018
4852,18704424,One Tomtit to Manage It – Modern Perl6 Task Runner,story,melezhik,2018-12-18 04:01:43,https://dev.to/melezhik/one-tomtit-for-it--1j3f,2,0.0,2018
4853,18705379,Xi Jinping says China 'will not seek to dominate',story,tartoran,2018-12-18 09:11:38,https://www.bbc.com/news/world-asia-china-46601175,3,0.0,2018
4854,18705405,Cheap VR Headsets Ranked from Best to Worst,story,mindcrime,2018-12-18 09:18:14,https://www.tomsguide.com/us/pictures-story/1044-best-cheap-vr-headsets.html,2,0.0,2018
4855,18705673,Show HN: Visualize the project plan and schedule the work of the team,show_hn,viluzhanin,2018-12-18 10:46:39,https://blesk.io,9,0.0,2018
4856,18706147,How computers got shockingly good at recognizing images,story,Tomte,2018-12-18 13:06:47,https://arstechnica.com/science/2018/12/how-computers-got-shockingly-good-at-recognizing-images/,3,0.0,2018
4857,18706184,Central Londoners to be subjected to facial recognition test this week,story,YeGoblynQueenne,2018-12-18 13:14:40,https://arstechnica.com/tech-policy/2018/12/londons-police-will-be-testing-facial-recognition-in-public-for-2-days/,97,88.0,2018
4858,18706231,Chrome Command Line API Reference,story,tmlee,2018-12-18 13:25:42,https://developers.google.com/web/tools/chrome-devtools/console/command-line-reference,1,0.0,2018
4859,18706266,Reduced JavaScript time precision (2008),story,BerislavLopac,2018-12-18 13:31:27,https://developer.mozilla.org/en-US/docs/Web/JavaScript/Reference/Global_Objects/Date/now#Reduced_time_precision,2,0.0,2018
4860,18707060,New Release of Collabora Online Development Edition 4.0,story,jonatoni,2018-12-18 15:22:12,https://www.collaboraoffice.com/press-releases/code-4-0-rc-1/,1,0.0,2018
4861,18707251,"Saturn's Rings Are Beautiful, but They Won't Last",story,vanwilder77,2018-12-18 15:41:00,https://www.space.com/42773-saturn-will-lose-its-rings.html,2,0.0,2018
4862,18707760,"CNES: Retro Space Poster – Ariane 5, Ryugu, Mercure, CFOSAT, Mars",story,based2,2018-12-18 16:23:19,https://cnes.fr/en/affiches,1,0.0,2018
4863,18708007,Tic-Tac-Toe Bots,story,nicolodavis,2018-12-18 16:48:17,https://nicolodavis.com/blog/tic-tac-toe/,3,0.0,2018
4864,18708098,These Are the Neighborhoods Attracting America’s Richest,story,myroon5,2018-12-18 16:56:03,https://www.bloomberg.com/news/features/2018-12-18/these-are-the-neighborhoods-attracting-america-s-richest,1,0.0,2018
4865,18708586,Liberalism in Theory and Practice,story,howard941,2018-12-18 17:39:39,https://www.jacobinmag.com/2018/12/liberalism-theory-practice-obama-trudeau,2,0.0,2018
4866,18708589,"Industry Predictions: AI, Machine Learning, Analytics and Data Science Trends",story,CraneWorm,2018-12-18 17:39:47,https://www.kdnuggets.com/2018/12/predictions-industry-2019.html,3,1.0,2018
4867,18708600,Why we decided to run another version of our SaaS before we got customers.,story,marcinpastuszek,2018-12-18 17:40:56,https://www.indiehackers.com/forum/why-we-decided-to-run-another-version-of-our-saas-before-we-built-a-large-customer-base-38e29ed751,2,0.0,2018
4868,18708601,How to make GitHub one of the top project management tools,story,jeanlaf,2018-12-18 17:41:06,https://anaxi.com/,6,0.0,2018
4869,18710658,Employees Have Filed a Class-Action Labor Lawsuit Against Blue Apron,story,howard941,2018-12-18 21:17:01,https://www.buzzfeednews.com/article/carolineodonovan/blue-apron-lawsuit-unpaid-wages,2,0.0,2018
4870,18710782,U.S. security panel approves T-Mobile/Sprint merger,story,xur17,2018-12-18 21:31:43,https://www.androidpolice.com/2018/12/18/u-s-security-panel-reportedly-approves-t-mobile-sprint-merger-as-long-as-the-carriers-dont-use-huawei-equipment/,3,0.0,2018
4871,18710950,Introducing Verizon Media Group,story,longwave,2018-12-18 21:55:47,https://www.verizon.com/about/news/introducing-verizon-media-group,2,0.0,2018
4872,18710990,Data Science Literacy for the Enterprise,story,gk1,2018-12-18 22:01:49,https://towardsdatascience.com/data-science-literacy-for-the-enterprise-fadaf9268494,3,0.0,2018
4873,18714817,"Chrome 72 Beta Deprecates TLS 1.0/1.1, Steps Towards Deprecating FTP",story,NetwideRogue,2018-12-19 11:06:23,https://www.phoronix.com/scan.php?page=news_item&px=Chrome-72-Beta-Released,2,0.0,2018
4874,18715792,Bug Report and Conway’s laws,story,ashish5887,2018-12-19 14:29:21,https://microservices-on-my-mind.blogspot.com/2018/12/bug-report-and-conways-laws.html,1,0.0,2018
4875,18716127,12 maps that tell the extraordinary story of 2018,story,pseudolus,2018-12-19 15:16:02,https://www.fastcompany.com/90282957/12-maps-that-tell-the-extraordinary-story-of-2018,1,0.0,2018
4876,18716466,"Veronica,  a Search Engine for Gopher",story,PaulHoule,2018-12-19 15:54:04,https://en.wikipedia.org/wiki/Veronica_(search_engine),3,0.0,2018
4877,18717173,Elon Musk unveils prototype high-speed LA transport tunnel,story,djhaskin987,2018-12-19 17:09:29,https://www.bbc.com/news/world-us-canada-46616902,1,0.0,2018
4878,18717770,Control Keys,story,zdw,2018-12-19 18:06:28,http://exple.tive.org/blarg/2018/12/16/control-keys/,2,0.0,2018
4879,18717854,Kalundborg Eco-industrial Park,story,bogidon,2018-12-19 18:16:27,https://en.wikipedia.org/wiki/Kalundborg_Eco-industrial_Park,3,0.0,2018
4880,18717988,Wheel of Misfortune. A role-playing game for incident management training,story,dastergon,2018-12-19 18:29:42,https://dastergon.gr/wheel-of-misfortune/,2,0.0,2018
4881,18719044,Ask HN: What field should I work in so as to help people?,ask_hn,minkzilla,2018-12-19 20:07:54,,2,2.0,2018
4882,18719151,Cozy Kingdoms Generation,story,ingve,2018-12-19 20:18:54,https://thingonitsown.blogspot.com/2018/12/cozy-kingdoms-generation.html,2,0.0,2018
4883,18719431,[video] What Biology Can Teach Us about Deep Learning (Martin Nielson),story,jamesblonde,2018-12-19 20:46:48,https://www.youtube.com/watch?v=OQ_-01V44DE,2,0.0,2018
4884,18719915,AI TED Talks You Must See,story,ohjeez,2018-12-19 21:35:04,https://digirupt.io/6-ai-ted-talks-you-must-see/,4,0.0,2018
4885,18719979,When Best Practice Isn’t Good Enough - bypassing common forms of 2FA,story,gs7,2018-12-19 21:41:42,https://www.amnesty.org/en/latest/research/2018/12/when-best-practice-is-not-good-enough/,4,0.0,2018
4886,18720446,The New Project Management App for DevOps,story,jeanlaf,2018-12-19 22:28:16,https://devops.com/anaxi-delivers-project-management-app-for-devops/,3,0.0,2018
4887,18720473,Arcadia (Clojure in Unity3D),story,tosh,2018-12-19 22:30:36,https://arcadia-unity.github.io,4,0.0,2018
4888,18722475,Byuu (Author of SNES Emulator Higan) Deleted All His Articles,story,ekianjo,2018-12-20 04:18:49,https://byuu.org/,7,1.0,2018
4889,18722506,Czochralski process was discovered by accident,story,simula67,2018-12-20 04:25:51,https://en.wikipedia.org/wiki/Czochralski_process,3,0.0,2018
4890,18722757,RFC 6896 – Secure Cookie Sessions for HTTP,story,dedalus,2018-12-20 05:41:09,https://tools.ietf.org/html/rfc6896,40,9.0,2018
4891,18722810,Starcity Year in Review 2018,story,jondishotsky,2018-12-20 06:01:38,https://starcity.com/2018,1,0.0,2018
4892,18723968,Tesla Opens Up Model 3 Ordering to European Reservation Holders,story,elorant,2018-12-20 11:16:37,https://cleantechnica.com/2018/12/15/tesla-opens-up-model-3-ordering-to-european-reservation-holders/,2,0.0,2018
4893,18725032,Let your Linux terminal speak its mind,story,jhibbets,2018-12-20 14:18:03,https://opensource.com/article/18/12/linux-toy-espeak,1,0.0,2018
4894,18725746,Why windows with a view are so important to older people,story,howard941,2018-12-20 15:36:08,https://theconversation.com/why-windows-with-a-view-are-so-important-to-older-people-106991,1,0.0,2018
4895,18726835,"Innocent man anesthetized, anal probed in Syracuse for “taunting” cops",story,wallace_f,2018-12-20 17:17:50,https://reason.com/blog/2018/12/19/syracuse-cops-force-doctors-to-probe-a-m,14,2.0,2018
4896,18726935,Lightbeam let's you make plans together (No more sending links/screenshots),story,lightbeam_app,2018-12-20 17:27:14,https://medium.com/@lightbeam/make-plans-together-61bfcdcc6faa,2,0.0,2018
4897,18728056,Chlorine: Clojure Integration for Atom,story,zonotope,2018-12-20 19:15:51,http://corfield.org/blog/2018/12/19/atom-chlorine/,1,0.0,2018
4898,18728322,Limitrr: Better ExpressJS rate limiting,story,m1screant,2018-12-20 19:37:51,https://github.com/eddiejibson/chae-limitrr,1,0.0,2018
4899,18728380,10 Reasons to Build a Progressive Web App (PWA),story,cubui,2018-12-20 19:42:22,https://www.cubui.com/development/javascript/10-reasons-to-build-a-progressive-web-app-pwa,2,1.0,2018
4900,18728599,Facts about smell (2014),story,Tomte,2018-12-20 20:04:17,http://alicebartlett.co.uk/blog/five-facts-about-smell,141,42.0,2018
4901,18728652,China launched more rockets into orbit in 2018 than any other country,story,davesailer,2018-12-20 20:10:52,https://www.technologyreview.com/s/612595/china-launched-more-rockets-into-orbit-in-2018-than-any-other-country/,8,0.0,2018
4902,18729854,Canada says third citizen detained in China,story,everybodyknows,2018-12-20 22:39:27,https://www.ft.com/content/8f158e68-03d5-11e9-99df-6183d3002ee1,11,2.0,2018
4903,18729976,A Scramble to Claim the World's Most Coveted Meteorite,story,Reedx,2018-12-20 22:55:35,https://www.wired.com/story/scramble-claim-worlds-most-coveted-meteorite/,42,12.0,2018
4904,18730864,Show HN: A Naive Approach to VPN and Proxy Detection with PHP and JavaScript,show_hn,samuellevy,2018-12-21 01:44:41,https://www.samuellevy.com/vpn-detect/,4,0.0,2018
4905,18732207,"Ask HN: Music tech, what's next?",ask_hn,londondev45,2018-12-21 09:12:40,,4,7.0,2018
4906,18732634,A Primer on Hash Functions – Blockchain Technology,story,Blockwhat,2018-12-21 11:03:14,https://medium.com/blockwhat/hash-ing-everywhere-a-primer-on-hash-functions-24cdf43515d7,2,0.0,2018
4907,18733143,Show HN: Personalized email addresses for your entire family,show_hn,jesperht,2018-12-21 13:30:59,https://www.namekin.com,34,56.0,2018
4908,18734702,From Sputnik to SpaceX: 60 Years of Rocket Launch Acoustics [pdf],story,robmiller,2018-12-21 17:15:11,https://acousticstoday.org/wp-content/uploads/2018/12/From-Sputnik-to-SpaceX%C2%AE-Caroline-P.-Lubert.pdf,1,0.0,2018
4909,18734925,Mobile developer top news of 2018,story,mobilehackersio,2018-12-21 17:41:42,https://medium.com/@mobilehackersio/mobile-developer-top-news-of-2018-c65d9b064729,1,0.0,2018
4910,18735102,Interfaces and Metaclasses in Python,story,joebergeron,2018-12-21 18:02:40,https://godaddy.github.io/2018/12/20/python-metaclasses/,1,0.0,2018
4911,18736833,Velodyne Lidar Announces Collaboration with Nikon in Tech. Development and Mfg,story,wojtczyk,2018-12-21 21:31:13,https://www.businesswire.com/news/home/20181220006016/en/Velodyne-Lidar-Announces-Collaboration-Nikon-Technology-Development,1,0.0,2018
4912,18737989,"Show HN: Raspberry pi motion sensing security camera using S3, Slack, and Go",show_hn,bndw,2018-12-22 00:23:24,https://github.com/bndw/security-camera,6,0.0,2018
4913,18738764,By bombarding compound with ultraviolet radiation researchers created “D” in DNA,story,rhegart,2018-12-22 03:36:50,http://astronomy.com/news/2018/12/could-space-sugars-help-explain-how-life-began-on-earth,3,0.0,2018
4914,18739456,How to rescue democracy: Liberal education has the solution,story,cvaambikapur,2018-12-22 07:25:07,https://economictimes.indiatimes.com/news/politics-and-nation/how-to-rescue-democracy/articleshow/67203837.cms,3,0.0,2018
4915,18739582,Reading linear texts on paper versus computer screen (2013) [pdf],story,azizsaya,2018-12-22 08:11:21,https://www.researchgate.net/publication/256563189_Reading_linear_texts_on_paper_versus_computer_screen_Effects_on_reading_comprehension,40,15.0,2018
4916,18740852,Ask HN: How do you talk with the older generation about today's climate?,ask_hn,dgzl,2018-12-22 15:08:22,,1,7.0,2018
4917,18741878,"After the Blaze, a Trail’s New Beginnings",story,ohjeez,2018-12-22 18:48:09,https://www.rei.com/blog/news/after-the-blaze-a-trails-new-beginnings,3,0.0,2018
4918,18742201,Traffic steering using GeoDNS and IPv6,story,ton31337,2018-12-22 20:07:42,https://blog.donatas.net/blog/2018/12/14/geodns-ipv6-failover/,1,0.0,2018
4919,18744235,"BoostIO/Boostnote: A markdown editor for developers on Mac, Windows and Linux",story,axiomdata316,2018-12-23 03:32:08,https://github.com/BoostIO/Boostnote,14,2.0,2018
4920,18744615,Properly stopping a SIP flood (2010),story,gscott,2018-12-23 05:31:46,https://jcs.org/notaweblog/2010/04/11/properly_stopping_a_sip_flood/,2,0.0,2018
4921,18744795,Tessellations by Recognizable Figures,story,Timothee,2018-12-23 06:36:40,http://mathstat.slu.edu/escher/index.php/Tessellations_by_Recognizable_Figures,40,1.0,2018
4922,18747271,Why many rich Chinese don’t live in China [May 2018],story,malshe,2018-12-23 17:38:11,https://www.economist.com/special-report/2018/05/17/why-many-rich-chinese-dont-live-in-china,3,0.0,2018
4923,18747371,Why Developers don’t TDD: a podcast series,story,lancerkind,2018-12-23 18:02:35,https://agilenoir.biz/series/agile-thoughts/,43,106.0,2018
4924,18747802,More market turmoil expected in 2019,story,yonibot,2018-12-23 19:22:12,https://www.theguardian.com/business/2018/dec/23/markets-face-instability-in-2019-as-white-house-intensifies-attacks-on-fed-chair,4,0.0,2018
4925,18748542,"OrbitDB – serverless, peer-to-peer database on top of IPFS",story,imhoguy,2018-12-23 21:46:38,https://github.com/orbitdb/orbit-db,202,57.0,2018
4926,18749818,"Treasury secretary calls bankers, convenes 'plunge protection team'",story,anigbrowl,2018-12-24 02:15:02,https://www.reuters.com/article/us-usa-treasury/top-trump-official-calls-bankers-will-convene-plunge-protection-team-idUSKCN1OM0LJ,4,0.0,2018
4927,18750651,Dcentralized url shortening service base on IPFS,story,facert,2018-12-24 05:58:34,http://t.bdaily.club/,56,20.0,2018
4928,18750762,Perfectly intact petrified horse unearthed near Pompeii,story,intpbro,2018-12-24 06:27:58,https://nypost.com/2018/12/23/perfectly-intact-petrified-horse-is-unearthed-near-pompeii/,2,0.0,2018
4929,18752035,IPv6 Christmas Display Uses 75 Internet’s Worth of Addresses,story,rwmj,2018-12-24 13:32:19,https://hackaday.com/2018/12/24/ipv6-christmas-display-uses-75-internets-worth-of-addresses/,2,0.0,2018
4930,18752050,Abi2Api – A painless way to retrieve data from blockchain,story,octosphere,2018-12-24 13:36:13,http://abi2api.com/,2,0.0,2018
4931,18752181,SpaceX is building a 'test hopper' Mars spaceship in Texas,story,intpbro,2018-12-24 14:06:28,https://www.businessinsider.com/spacex-big-falcon-rocket-spaceship-hopper-vehicle-launches-2018-12,2,0.0,2018
4932,18752844,Ask HN: How to build a Web Startup?,ask_hn,axo,2018-12-24 16:34:24,,3,1.0,2018
4933,18752901,Brave browser is collecting donations on your behalf – did you know?,story,davidgerard,2018-12-24 16:44:26,https://www.theblockcrypto.com/2018/12/24/brave-browser-is-collecting-donations-on-your-behalf-did-you-know/,2,0.0,2018
4934,18753450,A Lego house metaphor for software and hardware failures,story,azhenley,2018-12-24 18:25:17,https://medium.com/bits-and-behavior/a-lego-house-metaphor-for-software-and-hardware-failures-a2d2d501fe60,2,0.0,2018
4935,18753693,"For some in Michigan's Upper Peninsula, a ghost town is home",story,rmason,2018-12-24 19:06:56,https://www.freep.com/story/news/columnists/john-carlisle/2018/02/16/upper-peninsula-ghost-town-homes/1034513001/,42,25.0,2018
4936,18755306,Show HN: Snigl – Forth with Lisp in C,show_hn,sifoobar,2018-12-25 01:27:35,https://gitlab.com/sifoo/snigl,1,0.0,2018
4937,18756937,Reinforcement Learning (RL) Tutorial with Simple Game Code,story,obsezer,2018-12-25 10:56:41,https://github.com/omerbsezer/Reinforcement_learning_tutorial_with_demo,5,0.0,2018
4938,18758218,Show HN: Lenient JavaScript syntax,show_hn,xixixao,2018-12-25 17:34:35,https://xixixao.github.io/lenientjs/,7,2.0,2018
4939,18758292,EmuTOS is a Free operating system for Atari computers,story,_emacsomancer_,2018-12-25 17:45:11,http://emutos.sourceforge.net/en/,2,0.0,2018
4940,18759401,5 Proven Ways to Finish Your Side Project,story,SCHKN,2018-12-25 22:12:16,https://medium.com/schkn/5-proven-ways-to-finish-your-side-project-c8fb529c58bd,13,0.0,2018
4941,18760278,Watch a swarm of 300 robots reorganize autonomously,story,jonbaer,2018-12-26 03:25:51,https://www.c4isrnet.com/unmanned/robotics/2018/12/23/watch-a-swarm-of-300-robots-reorganize-autonomously/,1,0.0,2018
4942,18761801,Resiliency with Queues: Building a System That Never Skips a Beat in a Billion,story,brazeepd,2018-12-26 12:18:33,https://www.braze.com/perspectives/article/building-braze-job-queues-resiliency,97,34.0,2018
4943,18762531,Fallback for Blocked Iframes: A (Crude) Solution with Vue.js,story,anthonygore,2018-12-26 15:20:52,https://vuejsdevelopers.com/2018/12/24/vue-js-iframe-error-fallback/,2,0.0,2018
4944,18762932,Ask HN: Famous anonymous inventions other than Bitcoin?,ask_hn,amineazariz,2018-12-26 16:30:30,,180,131.0,2018
4945,18763433,Functional healthchecks in Scala,story,based2,2018-12-26 17:51:55,https://sup.kubukoz.com/,2,0.0,2018
4946,18763471,The Profit Motive,story,Osiris30,2018-12-26 17:58:34,https://avc.com/2018/12/the-profit-motive/,6,0.0,2018
4947,18763967,Ko: fast Kubernetes microservice development in Go,story,blacksmythe,2018-12-26 19:02:49,https://medium.com/knative/ko-fast-kubernetes-microservice-development-in-go-f94a934a7240,3,0.0,2018
4948,18764065,Exposing Kubernetes services on custom domains,story,pj3677,2018-12-26 19:16:28,https://hackernoon.com/expose-your-kubernetes-service-from-your-own-custom-domains-cc8a1d965fc,1,0.0,2018
4949,18765937,"EveryDollar App Available for Computer, Apple, and Android Devices",story,technologyvault,2018-12-26 23:51:32,http://prosperopedia.com/everydollar-app-available-for-computer-apple-and-android-devices/,1,0.0,2018
4950,18766347,"Everything we knew about Fuchsia’s UI, Armadillo, is gone",story,Memosyne,2018-12-27 01:07:48,https://9to5google.com/2018/12/26/fuchsia-armadillo-ui-gone/,3,0.0,2018
4951,18766476,"CA DMV: Whoops, your “Real ID” isn’t actually compliant with federal law",story,masonic,2018-12-27 01:29:20,https://www.mercurynews.com/2018/12/25/feds-say-california-issued-real-ids-not-good-enough,3,1.0,2018
4952,18766981,Trek into Congo Forest Reveals an Ebola Crisis Fueled by Violence,story,snowmaker,2018-12-27 03:19:13,https://www.nytimes.com/2018/12/26/world/africa/ebola-congo.html,2,0.0,2018
4953,18768100,Watch these Oscar-shortlisted animated short films to boost your day,story,mauliknshah,2018-12-27 07:42:56,https://qz.com/quartzy/1506057/watch-oscar-shortlisted-animated-short-films-for-free-online/,2,0.0,2018
4954,18768612,35C3 is opening now,story,ghost91,2018-12-27 09:58:53,https://streaming.media.ccc.de/35c3/halla,3,0.0,2018
4955,18768735,Dilemna or Dilemma,story,cmroanirgo,2018-12-27 10:39:36,http://dilemna.info/,2,0.0,2018
4956,18768778,The road to homeownership: buying a house in Philadelphia,story,chmaynard,2018-12-27 10:48:18,https://www.marketwatch.com/story/the-road-to-homeownership-buying-a-house-in-philadelphia-2018-12-27?mod=hp_minor_pos20,2,0.0,2018
4957,18769377,A Tribute to the Great Mathematician Leonhard EULER [video],story,k_vi,2018-12-27 13:44:24,,2,0.0,2018
4958,18769660,Ask HN: How do you read non-fiction books?,ask_hn,ozychhi,2018-12-27 14:41:46,,1,0.0,2018
4959,18769707,Nationwide Centurylink outage,story,Karunamon,2018-12-27 14:51:29,https://www.wdio.com/GMN/centurylink-outage-emergency-services/5191720/,4,1.0,2018
4960,18769868,A History of Flavoring Food with Castoreum,story,tlrobinson,2018-12-27 15:16:31,https://munchies.vice.com/en_us/article/a3m885/a-history-of-flavoring-food-with-beaver-butt-juice,61,2.0,2018
4961,18770013,Films for the discerning nerd: Ars picks the best of 2018,story,evo_9,2018-12-27 15:35:46,https://arstechnica.com/gaming/2018/12/films-for-the-discerning-nerd-ars-picks-the-best-of-2018/,4,0.0,2018
4962,18774537,Building a Camera That Can See Wifi – Radio Telescope V2 – Part 3 SUCCESS,story,peter_d_sherman,2018-12-28 02:48:56,https://www.youtube.com/watch?v=g3LT_b6K0Mc,5,0.0,2018
4963,18774647,The myth of the retail apocalypse: A long-read Q&A with economist Michael Mandel,story,hnburnsy,2018-12-28 03:18:26,http://www.aei.org/publication/the-myth-of-the-retail-apocalypse-a-long-read-qa-with-economist-michael-mandel/,4,0.0,2018
4964,18776058,"Finally, US hospitals will have to post their prices online",story,eddiepierce,2018-12-28 10:46:40,https://qz.com/1509095/hospital-to-post-the-costs-of-medical-services/,3,1.0,2018
4965,18777046,Why the Arabic world turned away from science (2011),story,neon_evangelion,2018-12-28 14:58:05,https://www.thenewatlantis.com/publications/why-the-arabic-world-turned-away-from-science,34,21.0,2018
4966,18777083,Meet SiliVaccine – North Korea's National Anti-Virus Solution,story,latchkey,2018-12-28 15:04:40,https://media.ccc.de/v/35c3-9375-silivaccine_north_korea_s_weapon_of_mass_detection,3,0.0,2018
4967,18777469,Burlesco – Read news without subscribing,story,octosphere,2018-12-28 16:00:32,https://burles.co/en/,2,0.0,2018
4968,18777788,"Millennials spend less previous generations cause they have less money, Fed says",story,paulpauper,2018-12-28 16:44:04,https://www.cnbc.com/2018/12/04/millennials-spend-less-because-theyre-poorer-federal-reserve-says.html,4,0.0,2018
4969,18778185,Privacy and Security Reading List,story,alexkavon,2018-12-28 17:43:25,https://puri.sm/posts/holiday-reading-list/,4,0.0,2018
4970,18778224,The Incredibly Unlikely Creation of Katamari Damacy,story,Reedx,2018-12-28 17:49:21,https://waxy.org/2018/12/the-incredibly-unlikely-creation-of-katamari-damacy/,1,0.0,2018
4971,18778687,Flutter for Android developers,story,everbright,2018-12-28 19:01:16,https://github.com/m3sv/Flutter-introduction-for-Android-developers,5,0.0,2018
4972,18778851,Rainbow Warrior on shipbreaking beach in Bangladesh,story,Tomte,2018-12-28 19:29:17,https://www.mo.be/en/news/rainbow-warrior-shipbreaking-beach-bangladesh,59,23.0,2018
4973,18778963,The foreigner’s guide to WeChat payments in China,story,dpaluy,2018-12-28 19:49:30,https://blog.lerner.co.il/the-foreigners-guide-to-wechat-payments-in-china/,2,0.0,2018
4974,18781826,Dag-Factory: Generate Airflow DAGs from YAML,story,bsg75,2018-12-29 04:26:28,https://medium.com/@ajbosco/introducing-dag-factory-a107cc598868,3,0.0,2018
4975,18782087,Dotnet core still calls home even with telemetry disabled,story,fartcannon,2018-12-29 05:38:28,https://github.com/dotnet/cli/issues/3093#issuecomment-443431570,3,0.0,2018
4976,18782092,Checker Taxi made their own cars,story,heyjudy,2018-12-29 05:39:17,https://en.wikipedia.org/wiki/Checker_Motors_Corporation,1,0.0,2018
4977,18782842,Show HN: Awesome Bitcoin Payment Processors,show_hn,AlexKaul,2018-12-29 09:34:07,https://github.com/alexk111/awesome-bitcoin-payment-processors,2,1.0,2018
4978,18783413,Market Trends Analysis: Cryptocurrency Market Is Not Depressed,story,elishagh1,2018-12-29 13:11:00,https://coinnewslive.com/market-trends-analysis-cryptocurrency-market-is-not-depressed/,3,0.0,2018
4979,18783472,Webapps in Go – How to write webapps without a framework,story,giancarlostoro,2018-12-29 13:30:50,https://leanpub.com/antitextbookGo/,2,1.0,2018
4980,18785328,Why aren’t Angular and React as scalable as game engines?,story,CitrusFruits,2018-12-29 19:47:43,https://www.skuid.com/blog/why-arent-angular-and-react-as-scalable-as-game-engines/,3,3.0,2018
4981,18786107,Ask HN: How are you going to grow your business in 2019,ask_hn,tstegart,2018-12-29 22:36:16,,18,7.0,2018
4982,18786179,Wirth's law,story,gtirloni,2018-12-29 22:50:39,https://en.wikipedia.org/wiki/Wirth%27s_law,5,0.0,2018
4983,18786301,"Inside the fake science factories  [35c3, video, en dub]",story,DanielleMolloy,2018-12-29 23:21:43,https://media.ccc.de/v/35c3-9744-inside_the_fake_science_factories,8,0.0,2018
4984,18787045,"Compact, Streaming Pretty-Printing of Hierarchical Data",story,lihaoyi,2018-12-30 02:46:33,http://www.lihaoyi.com/post/CompactStreamingPrettyPrintingofHierarchicalData.html,3,0.0,2018
4985,18787203,Schools in China introduce ‘smart uniforms’ with GPS chips to track students,story,pseudolus,2018-12-30 03:31:47,https://www.independent.co.uk/news/world/asia/china-school-smart-uniforms-gps-surveillance-technology-guizhou-video-mobile-app-a8702161.html,2,0.0,2018
4986,18787756,How does working for Google change you as a software developer?,story,Austin_Conlon,2018-12-30 06:15:15,https://www.quora.com/How-does-working-for-Google-change-you-as-a-software-developer/answer/Rob-Menke?share=1,5,1.0,2018
4987,18788769,7-Zip 18.06 released,story,XzetaU8,2018-12-30 12:15:31,https://sourceforge.net/p/sevenzip/discussion/45797/thread/f1a142fa03/,3,0.0,2018
4988,18789599,From Encrypting the Web to Encrypting the Net: 2018 Year in Review,story,bmj1,2018-12-30 15:32:51,https://www.eff.org/deeplinks/2018/12/encrypting-web-encrypting-net-year-review,4,0.0,2018
4989,18791487,Ask HN: Which clean tech company is hiring (remote) software engineers?,ask_hn,creimers,2018-12-30 21:37:37,,7,4.0,2018
4990,18792108,PCA and SVD,story,waynemystir,2018-12-31 00:05:35,https://waynemystir.github.io/blog/2018/11/29/pca-svd-1,2,0.0,2018
4991,18792793,Ask HN: Features you would like to be added to your fav programming language?,ask_hn,crypto-jeronimo,2018-12-31 03:12:55,,4,2.0,2018
4992,18793753,Simple Ways to Grow Your Brain,story,skilled,2018-12-31 09:08:17,https://medium.com/change-your-mind/nurture-your-neurons-f27072f57a39,2,0.0,2018
4993,18793901,Show HN: The Incremental Delaunay Triangulation: Visualized,show_hn,daigu,2018-12-31 10:09:05,https://ameya98.github.io/GraphAlgorithmsVisualized/delaunay.js/,4,1.0,2018
4994,18794308,Ask HN: How to gain practical machine learning skills?,ask_hn,LDGcSmefqM,2018-12-31 13:01:04,,20,7.0,2018
4995,18794607,"Spreadsheet: Over 1000 Works Entering U.S. Public Domain on January 1, 2019",story,infodocket,2018-12-31 14:29:28,https://law.duke.edu/sites/default/files/centers/cspd/1923_works_renewed.xlsx,3,0.0,2018
4996,18794729,TDD Kata 1 – String Calculator,story,royosherove,2018-12-31 14:59:14,https://docs.google.com/document/d/1lJi9RJALWnnFiK49m1y9J_bltPp7iojU3VNW2rxgmGs/edit#,1,0.0,2018
4997,18795101,'Climate grief': The growing emotional toll of climate change,story,uptown,2018-12-31 16:04:30,https://www.nbcnews.com/health/mental-health/climate-grief-growing-emotional-toll-climate-change-n946751,32,34.0,2018
4998,18796884,Ask HN: Data analysis workflow?,ask_hn,tucaz,2018-12-31 20:43:54,,1,1.0,2018
4999,18797741,New Year’s Resolutions and the Science of Willpower (2015),story,dnetesn,2018-12-31 23:22:33,http://nautil.us/blog/new-years-resolutions-and-the-science-of-willpower,5,1.0,2018
5000,18798366,"Why We Sleep, and Why We Often Can’t",story,anuragsoni,2019-01-01 01:42:08,https://www.newyorker.com/magazine/2018/12/10/why-we-sleep-and-why-we-often-cant,200,80.0,2019
5001,18798475,The Media’s Post-Advertising Future Is Also Its Past,story,petethomas,2019-01-01 02:12:17,https://www.theatlantic.com/ideas/archive/2018/12/post-advertising-future-media/578917/,4,0.0,2019
5002,18799522,How Well Do We Understand Probabilities in Medicine? (2016),story,bladecatcher,2019-01-01 09:14:49,https://psychscenehub.com/psychinsights/well-understand-probabilities-medicine/,53,21.0,2019
5003,18799787,Progress in Deep Learning Object Detection,story,sytelus,2019-01-01 11:31:54,https://github.com/hoya012/deep_learning_object_detection,2,0.0,2019
5004,18799792,Upgrading the Nginx Executable on the Fly,story,jxub,2019-01-01 11:33:18,http://nginx.org/en/docs/control.html#upgrade,3,0.0,2019
5005,18799805,The demographic time bomb that could hit America,story,pseudolus,2019-01-01 11:39:28,https://www.washingtonpost.com/opinions/can-the-us-avoid-japans-demographic-disaster/2018/12/31/1f29ba66-0d3f-11e9-8938-5898adc28fa2_story.html,3,0.0,2019
5006,18799854,Selenium: Storing Data Efficiently,story,vania-pooh,2019-01-01 11:57:21,https://medium.com/@aandryashin/selenium-storing-data-efficiently-b2891e06349e,1,0.0,2019
5007,18800056,"Remembering Riccardo Giacconi, a Titan of the Heroic Age of Astronomy",story,pseudolus,2019-01-01 13:16:38,https://blogs.scientificamerican.com/observations/remembering-riccardo-giacconi-a-titan-of-the-heroic-age-of-astronomy/,13,0.0,2019
5008,18800252,Exploring personal smartphone usage across 2018,story,rvarm1,2019-01-01 14:16:21,http://rohanvarma.me/Phone-Usage/,1,0.0,2019
5009,18800319,Ask HN: What’s the most effective NY resolution you ever had?,ask_hn,chrisherd,2019-01-01 14:36:02,,2,0.0,2019
5010,18800840,AI Index 2018 Report [pdf],story,wjSgoWPm5bWAhXB,2019-01-01 16:39:43,http://cdn.aiindex.org/2018/AI%20Index%202018%20Annual%20Report.pdf,2,0.0,2019
5011,18801690,2019: Make Yourself Great Again,story,stephsmithio,2019-01-01 19:13:29,https://begreat.me,2,3.0,2019
5012,18801833,Review of Modern Auto Layout,story,bartvk,2019-01-01 19:42:25,https://www.reddit.com/r/iOSProgramming/comments/abkwxj/my_review_of_modern_auto_layout_by_keith_harrison/,2,0.0,2019
5013,18801925,Show HN: Pre-render JavaScript apps on CloudFront,show_hn,jotto,2019-01-01 19:57:48,https://github.com/sanfrancesco/prerendercloud-lambda-edge,5,0.0,2019
5014,18801934,Lars Bak: How Dart learned from past object-oriented systems (splashcon 2015),story,boshomi,2019-01-01 19:59:17,https://2015.splashcon.org/event/splash2015-keynotes-lars-bak-keynote,4,0.0,2019
5015,18802208,"Object eversion, ZigZag, and the RDBMS",story,enkiv2,2019-01-01 20:40:45,https://medium.com/@enkiv2/object-eversion-zigzag-and-the-rdbms-2fe9290810ce,2,0.0,2019
5016,18802360,Massive bonfire sparks ember storm in Dutch town,story,Tomte,2019-01-01 21:06:14,http://www.eenaduindia.com/news/international-news/2019/01/01230504/Watch-Massive-bonfire-sparks-ember-storm-in-Dutch.vpf,2,0.0,2019
5017,18802900,"Why We Support #ProofofKeys and You Should, Too",story,syck,2019-01-01 22:47:50,https://medium.com/@ShapeShift.io/why-we-support-proofofkeys-and-you-should-too-7147fbe46c27,6,0.0,2019
5018,18803510,Sally Rooney Gets in Your Head,story,paulpauper,2019-01-02 01:17:21,https://www.newyorker.com/magazine/2019/01/07/sally-rooney-gets-in-your-head,2,0.0,2019
5019,18804742,The West Coast is beating the East Coast on transportation?,story,zonotope,2019-01-02 07:21:03,https://www.nytimes.com/2019/01/01/nyregion/transportation-east-coast-vs-west-coast.html,88,197.0,2019
5020,18804751,Understanding Zero-Knowledge Proofs,story,sauravt,2019-01-02 07:25:39,https://medium.com/chaintope-blogchain/understanding-zero-knowledge-proofs-4826401fc3a7,4,0.0,2019
5021,18804817,Discard autocomplete – write code quickly and without errors,story,kulakowka,2019-01-02 07:48:18,https://code-typing-tutor.com,2,0.0,2019
5022,18804876,Chinese schools monitor students activities with 'intelligent uniforms',story,HelenePhisher,2019-01-02 08:09:30,http://www.globaltimes.cn/content/1132856.shtml,3,1.0,2019
5023,18805315,The Chinese takeover of Indian app ecosystem,story,HalfRebel,2019-01-02 10:25:46,https://factordaily.com/the-chinese-takeover-of-indian-app-ecosystem/,3,0.0,2019
5024,18805322,Ask HN: What are your goals for 2019?,ask_hn,MarkMc,2019-01-02 10:27:36,,1,0.0,2019
5025,18805452,Node.js with TypeScript – Setting Up a Node.js App with TypeScript,story,divanvisagie,2019-01-02 11:05:57,https://medium.com/from-the-couch/node-js-with-typescript-f4d057df5a15,1,0.0,2019
5026,18805531,"How I Earn $200,000 a Year from Photography",story,keiferski,2019-01-02 11:27:22,http://erickimphotography.com/blog/2017/05/09/how-i-earn-200000-a-year-from-photography/,3,0.0,2019
5027,18805597,California Could Soon Have Its Own Version of the Internet,story,wil_I_am_27,2019-01-02 11:45:40,https://www.wired.com/story/california-could-soon-have-own-version-internet/,2,0.0,2019
5028,18805770,Visual Mental Imagery Training,story,kaffeemitsahne,2019-01-02 12:30:48,https://www.lesswrong.com/posts/8ciFqEjkekqzaTqT6/visual-mental-imagery-training,4,1.0,2019
5029,18805843,"The Usefulness of Useless Knowledge [Flexner, 1939]",story,IN4RA3D,2019-01-02 12:51:06,https://fermatslibrary.com/s/the-usefulness-of-useless-knowledge,2,1.0,2019
5030,18805873,"Laravel, Cloudflare and Trusted Proxies",story,TimLeland,2019-01-02 13:00:35,https://timleland.com/laravel-cloudflare-and-trusted-proxies/,2,0.0,2019
5031,18805912,Could dust destroy Bitcoin?,story,jovenden,2019-01-02 13:09:44,https://www.youtube.com/watch?v=ZRUCxVYFfww,1,0.0,2019
5032,18806000,Show HN: Distinguish – a simple way to minify and disambiguate CSS classes,show_hn,freedmand,2019-01-02 13:28:41,https://github.com/freedmand/distinguish,3,2.0,2019
5033,18806465,Pro-tips to pass resume screening,story,ggurgone,2019-01-02 14:51:11,https://twitter.com/giuseppegurgone/status/1080476301746757632,2,0.0,2019
5034,18806474,Nikolaas Tinbergen Seagull (1974),story,rfreytag,2019-01-02 14:52:23,https://www.nytimes.com/1974/04/07/archives/nikolaas-tinbergen-seagull-paul-ferris-is-a-british-freelance-who.html,5,0.0,2019
5035,18806795,The Year in Science–and What Americans Thought about It,story,LinuxBender,2019-01-02 15:36:30,https://blogs.scientificamerican.com/observations/the-year-in-science-and-what-americans-thought-about-it/,2,0.0,2019
5036,18807027,"Censoring China’s Internet, for Stability and Profit",story,Ankaios,2019-01-02 16:02:46,https://www.nytimes.com/2019/01/02/business/china-internet-censor.html,6,0.0,2019
5037,18807135,Hydrogen power: China backs fuel cell technology,story,olivermarks,2019-01-02 16:11:19,https://www.ft.com/content/27ccfc90-fa49-11e8-af46-2022a0b02a6c,1,0.0,2019
5038,18807673,You Should Open Source Your Product,story,tommoor,2019-01-02 17:02:05,https://blog.tommoor.com/2019/01/01/you-should-open-source-your-product/,3,0.0,2019
5039,18807857,"“Don’t just use your beliefs to measure reality, also use reality to measure...”",story,talsraviv,2019-01-02 17:17:10,http://www.talraviv.org/third-world-hippie-redneck-shithole-religious-crazy/,2,0.0,2019
5040,18808009,GitHub: Partial System Outage,story,Osiris,2019-01-02 17:32:54,https://www.githubstatus.com,70,10.0,2019
5041,18808684,Google’s Kelsey Hightower Dissects Serverless Hype and Hope,story,hckshr,2019-01-02 18:35:13,https://thenewstack.io/googles-kelsey-hightower-dissects-serverless-hype-and-hope/,3,0.0,2019
5042,18809427,'Bandersnatch:' Every Path and How to Watch Every Ending,story,lichtenj,2019-01-02 19:47:11,https://www.forbes.com/sites/davidthier/2018/12/29/black-mirrors-bandersnatch-every-path-and-how-to-watch-every-ending/#439bff71d868,1,0.0,2019
5043,18809548,Replicating the GitHub GraphQL API with Neo4j,story,johnymontana,2019-01-02 19:57:23,https://medium.com/open-graphql/replicating-the-github-graphql-api-with-neo4j-33f721fd46ee,3,0.0,2019
5044,18809580,3 Implications of Product-Led Growth,story,jfalk415,2019-01-02 20:00:18,https://www.forbes.com/sites/forbescommunicationscouncil/2018/12/19/three-implications-of-product-led-growth/,3,0.0,2019
5045,18809627,Thunderbird “loses” emails when downloading from mail server to a local folder,story,luu,2019-01-02 20:04:00,https://bugzilla.mozilla.org/show_bug.cgi?id=462156,4,0.0,2019
5046,18809896,Where Can We Reduce Healthcare Costs in 2019?,story,dataguy12,2019-01-02 20:31:51,https://medium.com/swlh/where-can-we-reduce-medical-spending-with-automation-b8e3f895c167,2,0.0,2019
5047,18810240,This Year in Solus: 2018 Edition,story,dEnigma,2019-01-02 21:11:55,https://getsol.us/2018/12/31/this-year-in-solus-2018-edition/,1,0.0,2019
5048,18810316,Patches welcome,story,emersion,2019-01-02 21:19:30,https://drewdevault.com/2019/01/01/Patches-welcome.html,1,0.0,2019
5049,18810335,Imagine Giving Birth in Space,story,spking,2019-01-02 21:21:30,https://www.theatlantic.com/science/archive/2019/01/space-childbirth-babies/579064/,3,0.0,2019
5050,18810410,“Smart uniforms” help schools in China monitor students,story,sizzle,2019-01-02 21:28:14,https://www.fastcompany.com/90286772/schools-in-china-are-tracking-students-with-gps-enabled-smart-uniforms,3,0.0,2019
5051,18810688,[ANN] tools.deps.alpha 0.6.474 and clj 1.10.0.408,story,based2,2019-01-02 22:00:43,https://www.reddit.com/r/Clojure/comments/abxzal/ann_toolsdepsalpha_06474_and_clj_1100408/,1,1.0,2019
5052,18810877,"Google sat on a Chromecast bug for years, now hackers could wreak havoc",story,ihsoj,2019-01-02 22:21:04,https://techcrunch.com/2019/01/02/chromecast-bug-hackers-havoc/,4,1.0,2019
5053,18811627,Fancy Tree Traversals,story,sinistersnare,2019-01-03 00:10:27,https://drs.is/post/fancy-tree-traversals/,3,0.0,2019
5054,18811862,No Collision,story,rbanffy,2019-01-03 00:48:30,https://bostonreview.net/science-nature-politics/bonnie-honig-no-collision,13,3.0,2019
5055,18812439,Windows 10 1903 to support AVIF format,story,clouddrover,2019-01-03 02:53:22,https://www.ghacks.net/2018/12/28/windows-10-1903-to-support-avif-format/,3,0.0,2019
5056,18812510,Ask HN: CI and Tests for Personal Project,ask_hn,brandonm64,2019-01-03 03:08:57,,1,1.0,2019
5057,18812767,The iCERT Portal System is currently unavailable,story,tommymachine,2019-01-03 04:13:26,https://icert.doleta.gov,3,0.0,2019
5058,18812886,2990WX Threadripper Performance Regression FIXED on Windows*,story,RobertWHurst,2019-01-03 04:45:04,https://www.youtube.com/watch?v=M2LOMTpCtLA,2,1.0,2019
5059,18813462,How to Get Ideas for New Product Features,story,arpitrai,2019-01-03 07:17:00,https://medium.com/@arpitrai/how-to-get-ideas-for-new-product-features-e6ba01c2ea27,2,0.0,2019
5060,18813559,Alibaba Open-Sources Mars to Complement NumPy,story,tycho01,2019-01-03 07:54:04,https://medium.com/syncedreview/alibaba-open-sources-mars-to-complement-numpy-ea215ff1fa2f,3,0.0,2019
5061,18813877,Mark Cuban created a huge discussion about a single resume,story,aginovski,2019-01-03 09:28:06,https://www.linkedin.com/feed/update/urn:li:activity:6484242144000299008/,1,0.0,2019
5062,18814359,Accessibility of nested classes,story,osopanda,2019-01-03 11:23:50,https://ericlippert.com/2019/01/02/accessibility-of-nested-classes/,2,0.0,2019
5063,18814485,Proto-internet trolls: Struensee and press freedom in 18th century Denmark,story,Pausanias,2019-01-03 11:59:10,https://blogs.bl.uk/european/2018/06/johann-friedrich-struensee.html,37,14.0,2019
5064,18815116,Genchi – real time visibility for project stakeholders,story,Genchi,2019-01-03 14:01:21,https://blog.genchi.com/2019/01/02/genchi-for-stakeholders/,1,0.0,2019
5065,18815604,Electronic health records are coming of age with Open Standards help,story,ohjeez,2019-01-03 15:07:48,https://www.hpe.com/us/en/insights/articles/electronic-health-records-are-beginning-to-deliver-on-their-promises-1901.html,2,0.0,2019
5066,18815902,Perl 6 environment manager – Shoichi Kaji,story,lizmat,2019-01-03 15:44:17,http://blogs.perl.org/users/shoichi_kaji1/2019/01/p6env.html,3,0.0,2019
5067,18815957,Bristol-Myers Squibb to buy Celgene in $74B deal,story,kungfudoi,2019-01-03 15:49:47,https://www.cnn.com/2019/01/03/business/bristol-myers-squibb-celgene-merger/,1,0.0,2019
5068,18816010,Andrew Sullivan on the Opioid Epidemic in America (2018),story,collinmanderson,2019-01-03 15:55:39,http://nymag.com/intelligencer/2018/02/americas-opioid-epidemic.html,1,0.0,2019
5069,18816105,"I made MPD index SoundCloud, here's how I did it",story,pplonski86,2019-01-03 16:05:37,https://polyfloyd.net/post/soundcloud-fuse-mpd/,1,0.0,2019
5070,18817154,Why Rust? (2015),story,tosh,2019-01-03 17:47:43,https://www.oreilly.com/programming/free/why-rust.csp,1,1.0,2019
5071,18817558,The Best Skin-Care Trick: Be Rich,story,coloneltcb,2019-01-03 18:21:50,https://www.theatlantic.com/health/archive/2019/01/skin-care-secret-wealth/579337/,68,40.0,2019
5072,18818171,Early Nintendo programmer worked without a keyboard,story,tosh,2019-01-03 19:11:31,https://arstechnica.com/gaming/2017/04/the-first-kirby-game-was-programmed-without-a-keyboard/,1,0.0,2019
5073,18818979,Wild monkeys with killer herpes are breeding like crazy in Florida,story,LinuxBender,2019-01-03 20:28:31,https://arstechnica.com/science/2019/01/wild-monkeys-with-killer-herpes-are-breeding-like-crazy-in-florida/,86,61.0,2019
5074,18819914,Is This the End of the Age of Apple?,story,daschaefer,2019-01-03 22:19:31,https://www.nytimes.com/2019/01/03/opinion/apple-revenue-china-innovation.html,16,9.0,2019
5075,18820827,Putting paralyzed patients back on their feet,story,cpncrunch,2019-01-04 00:25:49,https://publications.mcgill.ca/medenews/2019/01/03/putting-paralyzed-patients-back-on-their-feet/,1,0.0,2019
5076,18822267,That Viral Video of Alexandria Ocasio-Cortez Dancing Is a Meta-Meme,story,aaronbrethorst,2019-01-04 05:57:20,https://www.wired.com/story/alexandria-ocasio-cortez-dancing-video/,3,0.0,2019
5077,18822570,Polish government: wind turbines will be scrapped within 17 years,story,vixen99,2019-01-04 07:41:42,https://wysokienapiecie.pl/15011-ministry-wind-turbines-will-scrapped-within-17-years/,3,1.0,2019
5078,18822613,Guide which focuses upon a different set of UX Workflow Terminologies,story,nitishkmrk,2019-01-04 08:02:43,https://medium.muz.li/building-better-products-by-exploring-workflows-and-design-processes-81c56659c914,2,0.0,2019
5079,18822715,The rise of alternate VC,story,einarvollset,2019-01-04 08:45:37,https://medium.com/swlh/rise-of-the-transformers-db7887c26689,3,2.0,2019
5080,18823093,Major hack of German politicians’ private data,story,seapunk,2019-01-04 10:43:15,https://threader.app/thread/1081089419728306176,3,1.0,2019
5081,18823192,How crucial is context in AR?,story,pavan4,2019-01-04 11:10:08,https://medium.com/selerio/how-crucial-is-context-in-ar-388a7dc1c76f,1,0.0,2019
5082,18823760,Ask HN: How is the light handled in the Monument Valley games?,ask_hn,netgusto,2019-01-04 13:20:55,,1,0.0,2019
5083,18824141,Unheralded Mathematician Bridges the Prime Gap,story,cjg,2019-01-04 14:14:37,https://www.quantamagazine.org/yitang-zhang-proves-landmark-theorem-in-distribution-of-prime-numbers-20130519/,3,0.0,2019
5084,18824373,Our working methodology is inefficient. What should we do?,story,eibrahim,2019-01-04 14:53:22,https://medium.com/front-end-weekly/our-working-methodology-is-inefficient-what-should-we-do-ff0a7cbc5da4,1,0.0,2019
5085,18824440,Blood speaks: how the taboo of menstruation hurts health,story,laurex,2019-01-04 15:02:03,https://mosaicscience.com/story/menstrual-taboo-periods-shame-women,1,0.0,2019
5086,18825491,"Cloud Atlas 'astonishingly different' in US and UK editions, study finds (2016)",story,Tomte,2019-01-04 16:55:04,https://www.theguardian.com/books/2016/aug/10/cloud-atlas-astonishingly-different-in-us-and-uk-editions-study-finds,3,0.0,2019
5087,18825795,Migrating to PR Label Based Continuous Deployment,story,orta,2019-01-04 17:26:12,http://artsy.github.io/blog/2019/01/03/label-based-prs/,6,0.0,2019
5088,18826312,Charity Majors: Engineering Management: The Pendulum or the Ladder,story,valgaze,2019-01-04 18:21:33,https://charity.wtf/2019/01/04/engineering-management-the-pendulum-or-the-ladder/,1,0.0,2019
5089,18826447,Bouchard Sues Glassdoor Over Identity of Anonymous Former Employee,story,protomyth,2019-01-04 18:32:45,https://gcaptain.com/bouchard-sues-glassdoor-over-identity-of-anonymous-former-employee/,2,0.0,2019
5090,18826515,"Experts explain the science behind graphene, the new supermaterial",story,Tomte,2019-01-04 18:42:57,https://www.theverge.com/2018/1/24/16927224/graphene-materials-les-johnson-joseph-meany-book,3,0.0,2019
5091,18827408,Map Labeling Algorithms with Application in Graph Drawing and Cartography (2008) [pdf],story,Tomte,2019-01-04 20:40:30,http://algo.inf.uni-tuebingen.de/mitarbeiter/michaelbekos/pubs/bekos-phd-thesis.pdf,1,0.0,2019
5092,18827421,"After the fires, solar advocates seek greater role in California electric grid",story,howard941,2019-01-04 20:43:38,https://www.sfchronicle.com/business/article/After-the-fires-solar-power-advocates-seek-13504557.php,1,0.0,2019
5093,18827695,Amazon Says 100M Alexa Devices Have Been Sold – What’s Next?,story,MBCook,2019-01-04 21:15:23,https://www.theverge.com/2019/1/4/18168565/amazon-alexa-devices-how-many-sold-number-100-million-dave-limp,1,0.0,2019
5094,18827714,Embracing Apple's Boring Future,story,zwieback,2019-01-04 21:17:07,https://www.theatlantic.com/technology/archive/2019/01/apples-earnings-stumble-could-improve-iphone/579445/,11,3.0,2019
5095,18827895,Some Fun Numbers About the Human Brain,story,pixelmonkey,2019-01-04 21:38:33,https://blog.piekniewski.info/2018/08/28/fun-numbers-about-the-brain/,3,0.0,2019
5096,18827991,"A closer look at bake, a tool that makes building C/C++ code effortless",story,ajmmertens,2019-01-04 21:50:18,https://medium.com/@cortoproject/a-closer-look-at-bake-a-tool-that-makes-building-c-c-code-effortless-b2e0409fad8f,5,0.0,2019
5097,18828288,A Linguist’s Guide to Pronouncing ‘GIF’,story,peleg,2019-01-04 22:25:11,https://medium.com/s/story/g%C9%AAf-or-d%CD%A1%CA%92%C9%AAf-5ac6fe8b2589,7,1.0,2019
5098,18828503,Autumn can now resize iTerm2 by pixel,story,sephoric,2019-01-04 22:51:54,https://sephware.com/blog/2019-01-04-autumn-can-now-resize-iterm2-by-pixel/,1,0.0,2019
5099,18828549,Southwest Airlines Co-Founder Herb Kelleher Dies – SFGate,story,kposehn,2019-01-04 22:57:46,https://m.sfgate.com/travel/article/Southwest-Airlines-co-founder-Herb-Kelleher-dies-13507053.php,6,1.0,2019
5100,18828687,Woman says her son couldn't afford his insulin – now he's dead,story,methodover,2019-01-04 23:18:24,https://www.cbsnews.com/news/mother-fights-for-lower-insulin-prices-after-sons-tragic-death/,31,32.0,2019
5101,18828888,Spring '19 Updates to Translated Terminology,story,mcenedella,2019-01-04 23:53:28,https://help.salesforce.com/articleView?id=000273904&language=en_US&type=1,1,1.0,2019
5102,18829087,"Thanks to Heavy Taxes and Regulations,CA’s Legal Cannabis Sales Fell",story,jelliclesfarm,2019-01-05 00:41:16,http://reason.com/blog/2019/01/04/thanks-to-heavy-taxes-and-regulations-ca,1,0.0,2019
5103,18829267,The Genetic Case Against Designer Babies,story,nradov,2019-01-05 01:23:05,https://psmag.com/social-justice/designer-babies-are-not-likely-to-happen,2,0.0,2019
5104,18829795,Cigarette butts are the single greatest source of ocean trash,story,onetimemanytime,2019-01-05 03:51:39,https://www.nbcnews.com/news/us-news/plastic-straw-ban-cigarette-butts-are-single-greatest-source-ocean-n903661?icid=related,336,221.0,2019
5105,18830029,The Modern Dignity of an Uncontacted Tribe,story,DoreenMichele,2019-01-05 05:10:39,https://www.theatlantic.com/entertainment/archive/2019/01/the-modernity-of-piripkura-and-uncontacted-tribes/578947/,2,0.0,2019
5106,18830439,Blur password manager exposes 2.4M users on misconfigured AWS cloud instance,story,Corrado,2019-01-05 07:17:32,https://siliconangle.com/2019/01/03/blur-password-manager-exposes-2-4m-user-details-misconfigured-aws-instance/,6,0.0,2019
5107,18830525,My take on the future of applications development and operability,story,pracucci,2019-01-05 07:56:29,https://pracucci.com/my-take-on-the-future-of-applications-development-and-operability.html,3,0.0,2019
5108,18830578,"Reinforcement Learning – The different challenges, methods and frontiers",story,louiskirsch,2019-01-05 08:27:27,http://louiskirsch.com/maps/reinforcement-learning,69,1.0,2019
5109,18830732,Minimalism: Practical Guide to Writing Less Code (2002) [pdf],story,mingodad,2019-01-05 09:26:15,http://www.two-sdg.demon.co.uk/curbralan/papers/jaoo/Minimalism.pdf,223,116.0,2019
5110,18831078,MSI Installer for GNU Emacs,story,drieddust,2019-01-05 11:08:28,https://chaoticlab.io/emacs/wix/update/2019/01/05/emacs_installer.html,2,0.0,2019
5111,18831201,Free css generator to build broken and unusual grids,story,hmongouachon,2019-01-05 11:48:48,https://broken-grid.com/,1,0.0,2019
5112,18831254,How Bitcoin grew up and became big money,story,eaguyhn,2019-01-05 12:06:13,https://www.theverge.com/2019/1/3/18166096/bitcoin-blockchain-code-currency-money-genesis-block-silk-road-mt-gox,1,0.0,2019
5113,18831470,LiteCLI – A user-friendly command-line client for SQLite database,story,luord,2019-01-05 13:15:24,https://www.pgcli.com/launching-litecli.html,316,38.0,2019
5114,18832147,Release 1.0,story,icc97,2019-01-05 15:41:36,https://sbw.org/release1.0/,2,0.0,2019
5115,18832335,Azerbaijani blogger is on hunger strike last 10 days. He could die soon,story,alismayilov,2019-01-05 16:09:34,https://rsf.org/en/news/desperate-blogger-could-die-azerbaijani-jail,1,0.0,2019
5116,18832441,"As Market Cools, Median Price for Manhattan Apartment Drops Below $1M",story,paulpauper,2019-01-05 16:29:26,https://www.nytimes.com/2019/01/03/nyregion/manhattan-real-estate-market.htmlv,1,1.0,2019
5117,18832975,Taxpayers Should Never Subsidize Stadiums,story,paulpauper,2019-01-05 17:43:01,https://www.bloomberg.com/view/articles/2018-07-16/four-reasons-taxpayers-should-never-subsidize-stadiums,622,279.0,2019
5118,18833012,Thinking Forth – A Language and Philosophy for Solving Problems (1984) [pdf],story,headalgorithm,2019-01-05 17:51:07,https://1scyem2bunjw1ghzsf1cjwwn-wpengine.netdna-ssl.com/wp-content/uploads/2018/11/thinking-forth-color.pdf,6,0.0,2019
5119,18833166,The cryptoeconomic circle,story,siavosh,2019-01-05 18:12:33,https://www.placeholder.vc/blog/2019/1/5/the-cryptoeconomic-circle,1,0.0,2019
5120,18833346,iOS Image Classifier in 5 Minutes,story,gonzalezcgg,2019-01-05 18:39:20,https://medium.com/@carlosgonzalez_39141/ios-image-classifier-in-5-minutes-c8a7c6db56c4,5,0.0,2019
5121,18833502,What happened to Winnograd Schemas?,story,sgt101,2019-01-05 18:59:53,,1,0.0,2019
5122,18833544,Ask HN: Any services for running API performance tests on every pull request?,ask_hn,alangibson,2019-01-05 19:06:27,,1,0.0,2019
5123,18833717,Blog on ZFS,story,lichtenberger,2019-01-05 19:36:56,https://utcc.utoronto.ca/~cks/space/blog/sysadmin/,1,0.0,2019
5124,18833835,Peak AI and the Singularity,story,yters,2019-01-05 19:57:28,https://mindmatters.ai/2019/01/will-artificial-intelligence-design-artificial-super-intelligence/,3,0.0,2019
5125,18834831,Interactive Painting with Neural Style Transfer,story,fishmorefish,2019-01-05 22:51:56,https://github.com/pukacheen/MagicBrush,1,0.0,2019
5126,18834885,7 Things Desktop Linux Needs in 2019,story,paulopontesm,2019-01-05 22:59:29,https://www.linux.com/blog/2019/1/7-things-desktop-linux-needs-2019,3,1.0,2019
5127,18834901,The Price of a Hack,story,danso,2019-01-05 23:03:12,https://www.npr.org/templates/transcript/transcript.php?storyId=682331111,18,11.0,2019
5128,18835055,Partial Function Application as a Design Pattern,story,ingve,2019-01-05 23:26:02,http://willcrichton.net/notes/partial-application-design-pattern/,16,2.0,2019
5129,18835751,DynamoDB with Clojure,story,tosh,2019-01-06 01:35:56,https://medium.com/@kari.marttila/aws-dynamodb-with-clojure-b4402bf8e8e,2,0.0,2019
5130,18835914,The Verified CakeML Compiler Back End [pdf],story,ghettoimp,2019-01-06 02:08:16,https://www.cs.cmu.edu/~yongkiat/files/cakeml-jfp.pdf,39,11.0,2019
5131,18837011,The contested world of literary estates,story,drjohnson,2019-01-06 07:00:59,https://www.newstatesman.com/culture/books/2019/01/bitter-feuds-buried-scandal-contested-world-literary-estates,11,2.0,2019
5132,18837358,Engineering Security (2014) [pdf],story,Tomte,2019-01-06 08:54:05,https://www.cs.auckland.ac.nz/~pgut001/pubs/book.pdf,63,10.0,2019
5133,18837733,A Critique of Standard ML (1992) [pdf],story,philonoist,2019-01-06 11:11:31,http://cs.princeton.edu/~appel/papers/critique.pdf,77,12.0,2019
5134,18837760,Self-host Sentry for $5/mo,story,mherrmann,2019-01-06 11:21:35,https://github.com/mherrmann/sentry-self-hosted,2,0.0,2019
5135,18838137,Uber employees' feelings about the company revealed in leaked worker survey,story,aceperry,2019-01-06 13:12:10,https://www.usatoday.com/story/money/2019/01/01/uber-employees-leaked-survey/2457260002/,3,0.0,2019
5136,18838465,Ask HN: Good keyboard and mouse to mitigate RSI?,ask_hn,davedx,2019-01-06 14:27:55,,2,2.0,2019
5137,18839588,The future of microdata public use from the Census,story,seapunk,2019-01-06 18:03:24,https://threader.app/thread/1081636896604909568,1,0.0,2019
5138,18839644,How creating one product led to the birth of another one?,story,mtndes,2019-01-06 18:14:14,https://medium.com/@metinemenullahi/how-creating-one-product-led-to-the-birth-of-another-one-7619f4063cae,1,0.0,2019
5139,18839796,Tactics for Digital Wellbeing,story,exochrono,2019-01-06 18:43:23,https://blog.rahulgi.com/Digital-Wellbeing/,3,0.0,2019
5140,18839890,AWS ALB Ingress Controller for Kubernetes,story,alenkom,2019-01-06 18:57:28,https://akomljen.com/aws-alb-ingress-controller-for-kubernetes/,3,0.0,2019
5141,18839983,Auction Your Skills,story,thejobauction,2019-01-06 19:11:35,https://www.thejobauction.com/,2,0.0,2019
5142,18840318,Kymatio: Scattering Transforms in Python,story,wmaiouiru,2019-01-06 20:10:35,https://arxiv.org/abs/1812.11214,7,0.0,2019
5143,18840580,Ten Things Everyone Should Know About Hospitals,story,TheSavvyPatient,2019-01-06 20:43:31,https://thesavvypatientblog.com/10-things-everyone-should-know-about-hospitals/,1,0.0,2019
5144,18840845,The Folly of Hiring Winners and Firing Losers,story,henning,2019-01-06 21:33:03,https://papers.ssrn.com/sol3/papers.cfm?abstract_id=3099723,7,2.0,2019
5145,18841704,Hiding messages in chess games,story,vinnyglennon,2019-01-07 00:21:26,https://incoherency.co.uk/blog/stories/chess-steg.html,2,0.0,2019
5146,18842260,Everything – Locate files and folders by name instantly on Windows,story,rococode,2019-01-07 02:25:07,https://www.voidtools.com/,103,59.0,2019
5147,18842390,Data mining adds evidence that war is baked into the structure of society,story,sus_007,2019-01-07 02:53:51,https://www.technologyreview.com/s/612704/data-mining-adds-evidence-that-war-is-baked-into-the-structure-of-society/,4,1.0,2019
5148,18842450,Ask HN: Are any ML researchers supported by the community?,ask_hn,hsikka,2019-01-07 03:05:52,,1,0.0,2019
5149,18842610,How to make yourself work when you don’t have any motivation,story,aytekin,2019-01-07 03:47:26,https://medium.com/swlh/how-to-make-yourself-work-when-you-dont-have-any-motivation-34a7816d7d6a,6,3.0,2019
5150,18843048,Educational Heap Exploitation,story,d99kris,2019-01-07 05:40:58,https://github.com/shellphish/how2heap,2,0.0,2019
5151,18843300,"Saudi princess, 19, executed for adultery in 1977",story,throwaway348957,2019-01-07 06:47:36,https://en.wikipedia.org/wiki/Mishaal_bint_Fahd_bin_Mohammed_Al_Saud,1,0.0,2019
5152,18843481,How AI can save our humanity,story,fagnerbrack,2019-01-07 07:40:22,https://www.ted.com/talks/kai_fu_lee_how_ai_can_save_our_humanity,1,0.0,2019
5153,18844699,Eight odd details hidden in masterpieces,story,pseudolus,2019-01-07 12:42:35,http://www.bbc.com/culture/story/20190103-eight-odd-details-hidden-in-masterpieces,2,0.0,2019
5154,18844810,How Can Tech Fix the World in 2019?,story,shuklaswag,2019-01-07 13:08:53,https://medium.com/@shuklak13/how-can-tech-fix-the-world-in-2019-43c0d2efd92c,1,0.0,2019
5155,18844817,Smashing through barriers to set up a $2B tech firm,story,ryanwaggoner,2019-01-07 13:10:15,https://www.bbc.com/news/business-46604805,2,0.0,2019
5156,18845112,Ask HN: Would you be interested in a Voting-Ring-Detection-As-A-Service,ask_hn,chaosprophet,2019-01-07 14:03:23,,3,1.0,2019
5157,18845393,Yusaku Maezawa: Japanese billionaire tweets most retweeted tweet,story,valiant-comma,2019-01-07 14:37:14,https://www.bbc.com/news/world-asia-46779139,1,0.0,2019
5158,18845807,Nvidia Announces GeForce RTX 2060,story,zdw,2019-01-07 15:21:00,https://www.anandtech.com/show/13796/nvidia-announces-geforce-rtx-2060-349-dollars-january-15th,106,86.0,2019
5159,18846035,Web Designer Salaries Increase with Skills Specialization,story,SunTzu9087,2019-01-07 15:44:21,https://insights.dice.com/2019/01/07/web-designer-salary-always-better-with-skills-specialization/,1,0.0,2019
5160,18846048,Why I Majored in Philosophy Despite Everyone Telling Me Not to (2013),story,paulpauper,2019-01-07 15:45:47,https://mic.com/articles/55789/why-i-majored-in-philosophy-despite-everyone-telling-me-not-to,2,0.0,2019
5161,18846308,Five big questions about Apple putting iTunes on Samsung TVs,story,Tomte,2019-01-07 16:08:22,https://www.theverge.com/2019/1/6/18170820/five-big-questions-about-apple-putting-itunes-on-samsung-tvs,1,1.0,2019
5162,18846686,‘Flyover Tech’ Is All the Rage at J.P. Morgan Healthcare Investment Conference,story,jihadjihad,2019-01-07 16:39:27,https://observer.com/2019/01/flyover-tech-jp-morgan-healthcare-investment-conference/,1,0.0,2019
5163,18846796,Haystack: Democratizing Search Relevance,story,softwaredoug,2019-01-07 16:48:05,https://opensourceconnections.com/blog/2019/01/07/haystack-democratize-relevance/,5,0.0,2019
5164,18847913,Ionic Chat Tutorials,story,ajb413,2019-01-07 18:02:06,https://ionic.chat/?referrer=hn,2,0.0,2019
5165,18848330,"Cattle not pets: infrastructure, containers and security in a cloud native world",story,sullivanmatt,2019-01-07 18:31:51,https://mattslifebytes.com/2019/01/06/cattle-not-pets-in-our-new-cloud-native-world/?hn=1,3,0.0,2019
5166,18848626,"Kroger, Microsoft Create Futuristic Grocery Store",story,Bhilai,2019-01-07 18:55:20,https://www.bloomberg.com/news/articles/2019-01-07/kroger-microsoft-create-futuristic-grocery-store-amazon-take-note,4,0.0,2019
5167,18848684,These Are the Best Parenting Books,story,evo_9,2019-01-07 18:59:53,https://offspring.lifehacker.com/the-best-parenting-books-out-there-1831464069,2,0.0,2019
5168,18848872,Escaping the Gang: A Blood's Story,story,mikethorne,2019-01-07 19:15:06,https://medium.com/@joeleisenberg/escaping-the-gang-an-ex-bloods-story-8bff2e265150,2,0.0,2019
5169,18848885,Tails – simplified installation method,story,Sami_Lehtinen,2019-01-07 19:16:18,https://tails.boum.org/news/test_usb_images/,95,16.0,2019
5170,18849474,The CDC’s First Study of Dockless Electric Scooters Will Happen in Austin,story,throwaway5752,2019-01-07 20:11:27,https://www.texasmonthly.com/article/cdc-study-electric-scooters-austin/,2,0.0,2019
5171,18849480,Ask HN: How do you get what you need from the HR department?,ask_hn,ohjeez,2019-01-07 20:12:00,,2,0.0,2019
5172,18849765,Forbes is building more AI tools for its reporters,story,beriboy,2019-01-07 20:37:51,https://digiday.com/media/forbes-built-a-robot-to-pre-write-articles-for-its-contributors/,2,0.0,2019
5173,18849900,"Despite ride-hailing’s promise, vehicle ownership (and traffic) is on the rise",story,jseliger,2019-01-07 20:49:50,https://www.citylab.com/perspective/2019/01/uber-lyft-make-traffic-worse-more-people-own-cars-transit/579481,2,0.0,2019
5174,18850154,Manhattan judge blocks NYC law regulating Airbnb activity,story,pseudolus,2019-01-07 21:13:55,https://ny.curbed.com/2019/1/7/18172053/airbnb-nyc-law-regulation-lawsuit-injunction,3,0.0,2019
5175,18850205,Ask HN: Is anyone using Google Cloud Platform for a non-trivial project?,ask_hn,rocgf,2019-01-07 21:17:26,,7,5.0,2019
5176,18850455,Anonymous found the organization responsible for gangstalking,story,stabiilize,2019-01-07 21:40:45,https://www.youtube.com/watch?v=2Q-eiH41nhY,6,1.0,2019
5177,18850985,Ask HN: Anyone using constraint programming in production?,ask_hn,dangom,2019-01-07 22:37:56,,10,3.0,2019
5178,18851896,New Horizons planning additional extended missions,story,FlyMoreRockets,2019-01-08 00:52:49,https://spacenews.com/new-horizons-planning-additional-extended-missions/,7,4.0,2019
5179,18852284,Imputing text data using markov random fields,story,zan2434,2019-01-08 01:43:38,https://www.opendoor.com/w/blog/imputing-text-data-using-markov-random-fields,10,0.0,2019
5180,18852703,Introducing Individual Account Subscription Tiers for Perma,story,spzx,2019-01-08 02:54:48,http://blogs.harvard.edu/perma/2019/01/07/introducing-individual-account-subscription-tiers-for-perma/,1,0.0,2019
5181,18852735,Useless Use of dd,story,sndean,2019-01-08 03:01:39,https://www.vidarholen.net/contents/blog/?p=479,2,0.0,2019
5182,18853312,NASA exoplanet hunter racks up bizarre worlds and exploding stars,story,FlyMoreRockets,2019-01-08 05:04:19,https://www.nature.com/articles/d41586-019-00071-7,1,0.0,2019
5183,18853803,How to secure and manage secrets using Google Cloud KMS,story,rameshl,2019-01-08 06:49:01,https://medium.freecodecamp.org/securing-managing-secrets-using-google-cloud-kms-3fe08c69f499,2,0.0,2019
5184,18854047,6 Lessons self-taught developers can learn from J.D. Salinger,story,kiyanwang,2019-01-08 07:59:33,https://hackernoon.com/6-lessons-self-taught-developers-can-learn-from-j-d-salinger-da4f739aa0d3,1,0.0,2019
5185,18854362,The Most Confusing Things About Spacecraft Orbits,story,ColinWright,2019-01-08 09:21:16,https://www.youtube.com/watch?v=i5XPFjqPLik&feature=youtu.be,3,0.0,2019
5186,18854724,U.S. Carbon Emissions Surged in 2018 Even as Coal Plants Closed,story,artur_makly,2019-01-08 11:06:07,https://www.nytimes.com/2019/01/08/climate/greenhouse-gas-emissions-increase.html,2,0.0,2019
5187,18855213,Get free Windows Server eval license from Microsoft (180 days),story,rpcom,2019-01-08 13:00:44,https://www.microsoft.com/en-us/evalcenter/evaluate-windows-server-2016?filetype=ISO,2,0.0,2019
5188,18855500,Autonomous Robot Hit and ‘Killed’ by Self-Driving Tesla,story,vinnyglennon,2019-01-08 13:59:43,https://www.unilad.co.uk/technology/autonomous-robot-hit-and-killed-by-self-driving-tesla/,9,10.0,2019
5189,18855513,Police handed new anti-drone powers after Gatwick disruption,story,jonbaer,2019-01-08 14:01:11,https://www.theguardian.com/technology/2019/jan/08/police-handed-new-anti-drone-powers-after-gatwick-disruption,1,0.0,2019
5190,18855624,Open Source Communities,story,gyre007,2019-01-08 14:18:32,https://medium.com/@drewmusing/community-you-keep-using-that-word-61f038a7dbea,1,0.0,2019
5191,18855834,Waymo CEO Says Self-Driving Cars Will Always Be Limited,story,Osiris30,2019-01-08 14:53:47,https://medium.com/radical-urbanist/self-driving-cars-will-always-be-limited-even-the-industry-leader-admits-it-c5fe5aa01699,2,0.0,2019
5192,18856364,Ask HN: Does UpWork suspend accounts just for not subscribing?,ask_hn,kareemadel000,2019-01-08 15:50:52,,1,0.0,2019
5193,18856575,Show HN: A guessing game for historical events / people,show_hn,cher14,2019-01-08 16:11:05,http://av2076.herokuapp.com/history_game,1,0.0,2019
5194,18857090,What’s the rush? The power of a slow morning,story,J253,2019-01-08 16:59:35,https://www.wsj.com/articles/whats-the-rush-the-power-of-a-slow-morning-11546958541,237,166.0,2019
5195,18857241,Team Building Mental Models,story,swolpers,2019-01-08 17:15:23,https://age-of-product.com/team-building-mental-models/,2,0.0,2019
5196,18857321,Eight Odd Details Hidden in Masterpieces,story,rmason,2019-01-08 17:22:55,http://www.bbc.com/culture/story/20190103-eight-odd-details-hidden-in-masterpieces,1,0.0,2019
5197,18857594,"2018, the Year Bitcoin Separated from the Pack",story,ca98am79,2019-01-08 17:48:50,https://medium.com/@jimmysong/2018-the-year-bitcoin-separated-from-the-pack-f17ddb05df8d,1,0.0,2019
5198,18857635,I Got 99 Problems and Your Hiring Practices Are All of Them,story,ohjeez,2019-01-08 17:53:21,https://medium.com/@productivitypinata/i-got-99-problems-and-your-hiring-practices-are-all-of-them-cb1e6a5877ea,2,0.0,2019
5199,18857700,Is KDE the Future of Linux and Mobile Phones?,story,jrepinc,2019-01-08 17:59:03,https://marketmadhouse.com/is-kde-the-future-of-linux-and-mobile-phones/,3,0.0,2019
5200,18857779,Scape Technologies raises $8m to let machines visually recognize their location,story,edwardrmiller,2019-01-08 18:07:10,https://techcrunch.com/2019/01/08/scape/,2,0.0,2019
